Workbook

Sheet Sales
A1: Date | B1: Region | C1: State | D1: Salesperson | E1: Category | F1: Product | G1: Units | H1: Unit Price | I1: Sales | J1: High/Standard | K1: E/H/M/L | L1: Channel | M1: Status | N1: Sales Tier
A2: 46027 | B2: East | C2: New York | D2: Alex | E2: Electronics | F2: Laptop | G2: 2 | H2: 850 | I2: 1700 | J2: =IF(I2>1500, "High", "Standard") -> High | K2: {=_xlfn.IFS(I2<750, "Low", AND(I2>=750, I2<=1499), "Medium", AND(I2>=1500, I2<=2499), "High", I2>=2500, "Excellent")} -> High | L2: Online | M2: Completed | N2: High
A3: 46029 | B3: West | C3: California | D3: Mia | E3: Office | F3: Desk Chair | G3: 5 | H3: 180 | I3: 900 | J3: =IF(I3>1500, "High", "Standard") -> Standard | K3: {=_xlfn.IFS(I3<750, "Low", AND(I3>=750, I3<=1499), "Medium", AND(I3>=1500, I3<=2499), "High", I3>=2500, "Excellent")} -> Medium | L3: Retail | M3: Completed | N3: Standard
A4: 46034 | B4: South | C4: Texas | D4: Noah | E4: Electronics | F4: Monitor | G4: 4 | H4: 320 | I4: 1280 | J4: =IF(I4>1500, "High", "Standard") -> Standard | K4: {=_xlfn.IFS(I4<750, "Low", AND(I4>=750, I4<=1499), "Medium", AND(I4>=1500, I4<=2499), "High", I4>=2500, "Excellent")} -> Medium | L4: Online | M4: Completed | N4: Standard
A5: 46040 | B5: North | C5: Illinois | D5: Emma | E5: Office | F5: Printer | G5: 3 | H5: 275 | I5: 825 | J5: =IF(I5>1500, "High", "Standard") -> Standard | K5: {=_xlfn.IFS(I5<750, "Low", AND(I5>=750, I5<=1499), "Medium", AND(I5>=1500, I5<=2499), "High", I5>=2500, "Excellent")} -> Medium | L5: Retail | M5: Pending | N5: Standard
A6: 46046 | B6: East | C6: New York | D6: Liam | E6: Accessories | F6: Keyboard | G6: 10 | H6: 65 | I6: 650 | J6: =IF(I6>1500, "High", "Standard") -> Standard | K6: {=_xlfn.IFS(I6<750, "Low", AND(I6>=750, I6<=1499), "Medium", AND(I6>=1500, I6<=2499), "High", I6>=2500, "Excellent")} -> Low | L6: Online | M6: Completed | N6: Standard
A7: 46056 | B7: West | C7: Washington | D7: Olivia | E7: Electronics | F7: Tablet | G7: 6 | H7: 420 | I7: 2520 | J7: =IF(I7>1500, "High", "Standard") -> High | K7: {=_xlfn.IFS(I7<750, "Low", AND(I7>=750, I7<=1499), "Medium", AND(I7>=1500, I7<=2499), "High", I7>=2500, "Excellent")} -> Excellent | L7: Online | M7: Completed | N7: High
A8: 46061 | B8: South | C8: Florida | D8: Ethan | E8: Accessories | F8: Headset | G8: 8 | H8: 95 | I8: 760 | J8: =IF(I8>1500, "High", "Standard") -> Standard | K8: {=_xlfn.IFS(I8<750, "Low", AND(I8>=750, I8<=1499), "Medium", AND(I8>=1500, I8<=2499), "High", I8>=2500, "Excellent")} -> Medium | L8: Retail | M8: Completed | N8: Standard
A9: 46067 | B9: North | C9: Michigan | D9: Ava | E9: Office | F9: Desk | G9: 2 | H9: 550 | I9: 1100 | J9: =IF(I9>1500, "High", "Standard") -> Standard | K9: {=_xlfn.IFS(I9<750, "Low", AND(I9>=750, I9<=1499), "Medium", AND(I9>=1500, I9<=2499), "High", I9>=2500, "Excellent")} -> Medium | L9: Retail | M9: Cancelled | N9: Standard
A10: 46074 | B10: East | C10: New Jersey | D10: Lucas | E10: Electronics | F10: Laptop | G10: 3 | H10: 850 | I10: 2550 | J10: =IF(I10>1500, "High", "Standard") -> High | K10: {=_xlfn.IFS(I10<750, "Low", AND(I10>=750, I10<=1499), "Medium", AND(I10>=1500, I10<=2499), "High", I10>=2500, "Excellent")} -> Excellent | L10: Online | M10: Completed | N10: High
A11: 46080 | B11: West | C11: Oregon | D11: Sophia | E11: Accessories | F11: Mouse | G11: 15 | H11: 40 | I11: 600 | J11: =IF(I11>1500, "High", "Standard") -> Standard | K11: {=_xlfn.IFS(I11<750, "Low", AND(I11>=750, I11<=1499), "Medium", AND(I11>=1500, I11<=2499), "High", I11>=2500, "Excellent")} -> Low | L11: Online | M11: Completed | N11: Standard
A12: 46085 | B12: South | C12: Texas | D12: James | E12: Office | F12: Printer | G12: 4 | H12: 275 | I12: 1100 | J12: =IF(I12>1500, "High", "Standard") -> Standard | K12: {=_xlfn.IFS(I12<750, "Low", AND(I12>=750, I12<=1499), "Medium", AND(I12>=1500, I12<=2499), "High", I12>=2500, "Excellent")} -> Medium | L12: Retail | M12: Completed | N12: Standard
A13: 46091 | B13: North | C13: Ohio | D13: Isabella | E13: Electronics | F13: Monitor | G13: 5 | H13: 320 | I13: 1600 | J13: =IF(I13>1500, "High", "Standard") -> High | K13: {=_xlfn.IFS(I13<750, "Low", AND(I13>=750, I13<=1499), "Medium", AND(I13>=1500, I13<=2499), "High", I13>=2500, "Excellent")} -> High | L13: Online | M13: Pending | N13: High
... A31: 46198 | B31: West | C31: Washington | D31: Victoria | E31: Electronics | F31: Monitor | G31: 2 | H31: 320 | I31: 640 | J31: =IF(I31>1500, "High", "Standard") -> Standard | K31: {=_xlfn.IFS(I31<750, "Low", AND(I31>=750, I31<=1499), "Medium", AND(I31>=1500, I31<=2499), "High", I31>=2500, "Excellent")} -> Low | L31: Online | M31: Cancelled | N31: Standard

Sheet Report
A1: 1. Total sales | C1: =SUM(Sales!H:H) -> 9830
A2: 2. Average Sales Per Order | C2: =C1/COUNTA(Sales!A2:A31) -> 327.66667
A3: 3. Smallest Sale | C3: =MIN(Sales!I:I) -> 550
A4: 4. Largest Sale | C4: =MAX(Sales!I:I) -> 3400
A5: 5. How many numeric sales | C5: =COUNT(Sales!I:I) -> 30
A6: 6. How many salesperson entries | C6: =COUNTA(Sales!A2:A31) -> 30
A7: 7. High orders are > $1500, otherwise Standard | C7: see sales
A8: 8. Classify each order as Excellent, High, Medium, Low | C8: see sales
